A,B,C,D,E,F,G,H
IO283,KY747,PS014,RY697,CM526,GD667,PJ195,RO070
IO283,KY747,PS014,RY697,CM526,GD667,PJ195,RO070
IO283,KY747,PS014,RY697,CM526,GD667,PJ195,RO070
IO283,KY747,PS014,RY697,CM526,GD667,PJ195,RO070
IO283,KY747,PS014,RY697,CM526,GD667,PJ195,RO070
IO283,KY747,PS014,RY697,CM526,GD667,PJ195,RO070
IO283,KY747,PS014,RY697,CM526,GD667,PJ195,RO070
IO283,KY747,PS014,RY697,CM526,GD667,PJ195,RO070
IO283,KY747,PS014,RY697,CM526,GD667,PJ195,RO070
IO283,KY747,PS014,RY697,CM526,GD667,PJ195,RO070
IO283,KY747,PS014,RY697,CM526,GD667,PJ195,RO070
IO283,KY747,PS014,RY697,CM526,GD667,PJ195,RO070
